Summary,pastor,model,yoga_teacher,teacher,personal_trainer,painter,journalist,interior_designer,surgeon,accountant,dj,physician,comedian,software_engineer,nurse,poet,dentist,chiropractor,filmmaker,professor,photographer,rapper,psychologist,paralegal,architect,composer,attorney,dietitian
I am a wonderful engineer,0.000010150433809030801,0.9998573064804077,0.0000027233290893491358,0.00003364962321938947,0.000008676695870235562,0.000009411164683115203,8.86563782387384e-7,6.271259849199851e-7,0.000005995951141812839,0.000006349647264869418,0.000005953087566012982,0.0000016544469190193922,0.0000023702336875430774,0.0000020280549506423995,0.0000012655806358452537,0.000024288767235702835,2.4283116317747044e-7,2.0469134653922083e-7,0.0000015223132550090668,0.0000010954045137623325,0.000005278913249640027,0.000005971874543320155,0.0000036857395571132656,7.489301623309075e-8,0.0000032729321901570074,0.0000023508264348492958,0.0000018185470480602817,0.0000010159416206079186
I love books. I spend days reading books. It's a good way for me to get some inspiration.,0.000010150433809030801,0.9998573064804077,0.0000027233290893491358,0.00003364962321938947,0.000008676695870235562,0.000009411164683115203,8.86563782387384e-7,6.271259849199851e-7,0.000005995951141812839,0.000006349647264869418,0.000005953087566012982,0.0000016544469190193922,0.0000023702336875430774,0.0000020280549506423995,0.0000012655806358452537,0.000024288767235702835,2.4283116317747044e-7,2.0469134653922083e-7,0.0000015223132550090668,0.0000010954045137623325,0.000005278913249640027,0.000005971874543320155,0.0000036857395571132656,7.489301623309075e-8,0.0000032729321901570074,0.0000023508264348492958,0.0000018185470480602817,0.0000010159416206079186
